{
  "employees": [
    {
      "id": 1,
      "name": "John2",
      "gender": "Male",
      "contactPreference": "Email",
      "email": "mark@pragimtech.com",
      "dateOfBirth": "1988/10/25",
      "department": "3",
      "isActive": true,
      "photoPath": "assets/images/mark.png"
    },
    {
      "id": 2,
      "name": "Mary",
      "gender": "Mary",
      "contactPreference": "Phone",
      "phoneNumber": 29202303930,
      "dateOfBirth": "1988/10/25",
      "department": "3",
      "isActive": true,
      "photoPath": "assets/images/mary.png"
    },
    {
      "id": 3,
      "name": "Dhamodharan Subramanian",
      "gender": "Male",
      "contactPreference": "Email",
      "phoneNumber": "5432978640",
      "email": "sss22@gmail.com",
      "dateOfBirth": "2020-02-05T14:05:06.000Z",
      "department": "4",
      "isActive": true,
      "photoPath": "assets\\images\\mark.jpg"
    },
    {
      "id": 4,
      "name": "dfgd",
      "gender": "Male",
      "contactPreference": "Email",
      "phoneNumber": "33333333333",
      "email": "sss22@gmail.com",
      "dateOfBirth": "2020-02-20T14:06:53.000Z",
      "department": "1",
      "isActive": true,
      "photoPath": "assets/images/john.png"
    }
  ]
}