{
  "employees": [
    {
      "id": 1,
      "name": "John2",
      "gender": "Male",
      "contactPreference": "Email",
      "email": "mark@pragimtech.com",
      "dateOfBirth": "1988/10/25",
      "department": "3",
      "isActive": true,
      "photoPath": "assets/images/mark.png"
    },
    {
      "id": 2,
      "name": "Mary",
      "gender": "Mary",
      "contactPreference": "Phone",
      "phoneNumber": 29202303930,
      "dateOfBirth": "1988/10/25",
      "department": "3",
      "isActive": true,
      "photoPath": "assets/images/mary.png"
    },
    {
      "id": 3,
      "name": "John",
      "gender": "Female",
      "contactPreference": "Phone",
      "phoneNumber": "5432978640",
      "email": "",
      "dateOfBirth": "2020-02-07T14:48:53.000Z",
      "department": "3",
      "isActive": true,
      "photoPath": "assets\\images\\mark.jpg"
    }
  ]
}